,title,url,description
0,"ВАЗ (LADA) 2121 (4x4) Фора, 2005",https://www.avito.ruhttps://www.avito.ru/chelyabinsk/avtomobili/vaz_lada_2121_4x4_fora_2005_2693602147,"Продается Lada 4x4 (Нива 21214). 2005 года выпуска. Инжектор. Новая подвеска. Двс, Кпп, раздатка, мосты ведут себя на 5+. Дно, лонжероны целые. Есть фаркоп, сигнализация с автозапуском старлайн 9. Кенгурятник. Отдам крепление заднее для запаски. По кузову есть незначительные « рыжики». Рассмотрю варианты обмена. Перекупов не беспекоить."
1,"ВАЗ (LADA) Niva Travel 1.7 MT, 2022, 3 741 км",https://www.avito.ruhttps://www.avito.ru/magnitogorsk/avtomobili/vaz_lada_niva_travel_1.7_mt_2022_3_741_km_2933040898,"Серебряный саквояж, г. Магнитогорск, ул. Ленина, 113. - Автомобиль в идеальном состоянии. - Полный пакет документов. - Минимальный пробег. - Зеленая автотека. - Автомобиль в заводском окрасе. - На гарантии у официального дилера. Напиши в Чат — получи персональное предложение! Узнавай первым об изменении цены, добавь объявление в избранные. Серебряный саквояж: Кредит без первоначального взноса. От 6,9% кредитная ставка. Доступный склад. Птс оригинал. Место осмотра. Осмотреть автомобиль можно по адресу: Челябинская область, Магнитогорск, проспект Ленина, 113, Серебряный Саквояж (пробег). Комплектация «Classic»: Активная безопасность: — Эра-Глонасс. Пассивная безопасность: — Система крепления детских автокресел. Противоугонная система: — Центральный замок. Помощь при вождении: — Бортовой компьютер. Комфорт: — Усилитель руля. — Регулировка руля. — Электростеклоподъемники передние. — Электропривод зеркал. Управление климатом и обогрев: — Обогрев зеркал. Мультимедиа и навигация: — Usb. — Аудиоподготовка. — Розетка 12V. Салон и интерьер: — Тканевая обивка салона. — Складывающееся заднее сидение. Экстерьер: — Штампованные стальные диски. — Размер дисков 15″. — Декоративные молдинги. Освещение: — Огни дневного хода. Комплектность: — Запасное колесо."
2,"ВАЗ (LADA) Granta 1.6 MT, 2013, 122 423 км",https://www.avito.ruhttps://www.avito.ru/magnitogorsk/avtomobili/vaz_lada_granta_1.6_mt_2013_122_423_km_3092823330,"- Автомобиль в хорошем состоянии. - За все время эксплуатации 1 владелец. - Оригинал Птс. - Подтвержденный пробег. Цена указана с учётом скидок и спецпредложений: Скидка при оформлении Каско 25 000. Скидка при оформлении кредита в банке партнёра 50 000. Скидка при сдаче авто в trade-in 25 000. Напиши в Чат — получи персональное предложение! Узнавай первым об изменении цены, добавь объявление в избранные. Сильвер. Select: Кредит без первоначального взноса. От 6,9% кредитная ставка. Доступный склад. Птс оригинал. Место осмотра. Осмотреть автомобиль можно по адресу: Челябинская область, Магнитогорск, с. Красная Башкирия, ул. 50 лет Победы, 34. Комплектация «Classic 21901-51-212 (010)»: Активная безопасность: — Антиблокировочная система. Пассивная безопасность: — Подушки безопасности водителя. — Система крепления детских автокресел. Противоугонная система: — Иммобилайзер. Помощь при вождении: — Бортовой компьютер. Комфорт: — Усилитель руля. — Регулировка руля. — Электростеклоподъемники передние. Мультимедиа и навигация: — Аудиоподготовка. Салон и интерьер: — Тканевая обивка салона. — Складывающееся заднее сидение. Экстерьер: — Штампованные стальные диски."
3,"ВАЗ (LADA) Priora 1.6 MT, 2017, 107 130 км",https://www.avito.ruhttps://www.avito.ru/nizhniy_tagil/avtomobili/vaz_lada_priora_1.6_mt_2017_107_130_km_3104653881,"Успейте забронировать автомобиль! Специальные условия месяца!- Оригинал Птс*Цена достигается при приобретении автомобиля в кредит, сдаче Вашего автомобиля по программе Trade-in. Оками. Автомобили с пробегом предлагает своим клиентам: Выгода при обмене Вашего автомобиля в Trade-in; Выкуп Вашего автомобиля быстро и дорого. Деньги в день обращения; Более 10 банков-партнеров для выгодного кредитования; Каско, Осаго и другие программы страхования — прямо на территории Оками. Автомобили с пробегом; Сервисный контракт на 12 месяцев; Уникальный склад проверенных автомобилей с пробегом в наличии; Подбор автомобиля по Вашим критериям; Максимальная выгода всем покупателям. Напишите в чат и получите персональное предложение! Добавьте объявление в Избранное, чтобы не пропустить изменение цены! Автомобиль прошел комплексную техническую и юридическую проверку и полностью готов к эксплуатации. Есть предложение от другого дилера — улучшим! Звоните прямо сейчас и получите специальное предложение на покупку автомобиля лично от руководителя отдела продаж. Оками. Автомобили с пробегом — это более 13 лет успешной работы. Более 50 000 довольных клиентов. Мы ценим Ваш выбор, поэтому предлагаем для Вас только индивидуальные условия приобретения. Успейте стать владельцем автомобиля! Звоните прямо сейчас! Особенности исполнения: Автосигнализация Starline с автозапуском и обратной связью Ежедневно рады Вас видеть в максимально комфортных автоцентрах Оками. Автомобили с пробегом! Работаем без перерывов и выходных: с понедельника по субботу с 08:00 до 20:00, в воскресенье с 09:00 до 19:00. Приезжайте к нам на осмотр, ждем именно Вас! Место осмотра. Осмотреть автомобиль можно по адресу: Свердловская область, Нижний Тагил, Восточное шоссе, 3, Оками Маркет Тагил. Комплектация «Norma 21705-41-055»: Активная безопасность: — Антиблокировочная система. Пассивная безопасность: — Подушки безопасности водителя. — Система крепления детских автокресел. Противоугонная система: — Центральный замок. Помощь при вождении: — Бортовой компьютер. Комфорт: — Гидро усилитель руля. — Регулировка руля в двух плоскостях. — Регулировка сиденья водителя. — Электростеклоподъемники передние. — Электропривод зеркал. — Электропривод крышки багажника. Управление климатом и обогрев: — Обогрев заднего стекла. Мультимедиа и навигация: — Usb. — Aux. — Аудиоподготовка. Салон и интерьер: — Тканевая обивка салона. Экстерьер: — Литые легкосплавные диски. — Защита картера. Комплектность: — Комплект ковриков. — Полноразмерное запасное колесо."
4,"ВАЗ (LADA) Priora 1.6 MT, 2009, 128 000 км",https://www.avito.ruhttps://www.avito.ru/aramil/avtomobili/vaz_lada_priora_1.6_mt_2009_128_000_km_3458350168,"Продам приору в хорошем состоянии. С момента покупки в салоне и по настоящее время 1 собственник. Зимой 2023 заменили передние стойки, генератор и стартер. По всем вопросам звоните или пишите. Торг."
5,"ВАЗ (LADA) Granta 1.6 MT, 2012, 130 244 км",https://www.avito.ruhttps://www.avito.ru/chelyabinsk/avtomobili/vaz_lada_granta_1.6_mt_2012_130_244_km_3022422705,"Достоинства Автомобиля: - Два владельца по Птс; - Хорошее состояние. Оснащение: - Сигнализация; - Магнитоа. Техническая Гарантия 1 Год! Скидка в кредит 10 000 р. Скидка при обмене 10 000 р. Рассрочка без первоначального взноса. Бесплатно предоставим отчет Автотеки. Гарантируем юридическую чистоту — проверка по базе Гибдд, Фссп, Реестр залогов и т д. При Вас проверим состояние кузова толщиномером. Осмотр на подъемнике и диагностика в любом независимом сервисе. Тест-драйв любого автомобиля. Более 1000 авто в наличии — подберем лучший вариант. Приведи друга — получи 3000 р.! Дополнительные услуги: - Выкуп Вашего автомобиля за 1 час. - Выездной осмотр. - Выкуп кредитных автомобилей. - Обмен Вашего автомобиля на автомобиль с пробегом, в том числе с нашей доплатой. - Комиссионная продажа по Вашей цене. - Кредитование без первоначального взноса. - Страхование Осаго и Каско. > Более 1000 Авто В Наличии! Все подробности и спецпредложения уточняйте у менеджеров отдела продаж. #cme1032-192289."
6,"ВАЗ (LADA) Vesta 1.6 MT, 2018, 78 036 км",https://www.avito.ruhttps://www.avito.ru/tyumen/avtomobili/vaz_lada_vesta_1.6_mt_2018_78_036_km_3148118074,"Цена актуальна при любом виде расчета ( наличные, кредит, трейд-ин). Уважаемые автомобилисты! Сегодня мы рады предложить вам прекрасный автомобиль Lada (Ваз) Vesta 2018 года выпуска. Это надежный и комфортабельный автомобиль, который станет вашим верным спутником на дороге. Наш автомобиль был приобретен у официального дилера, что гарантирует его высокое качество и безукоризненную историю. Оригинальный Птс только подтверждает этот факт, а также говорит о том, что автомобиль имел всего одного владельца. В этой модели установлен двигатель 1.6 MT мощностью 106 л. С. Это позволяет автомобилю быстро разгоняться и обеспечивает отличную управляемость на дороге. Кроме того, достаточно экономичный расход топлива делает этот автомобиль еще более привлекательным для покупки. Кузов данного автомобиля покрыт заводским лакокрасочным покрытием, что гарантирует его сохранность на долгие годы. Вы можете быть уверены в том, что этот автомобиль будет выглядеть так же хорошо, как и в день покупки. Звоните нам прямо сейчас, назовите кодовое слово Фреш и получите бесплатный отчет по данному автомобилю. Мы готовы ответить на все ваши вопросы и помочь вам сделать правильный выбор! 175075. Позвоните И Получите Бесплатный Отчет На Этот Автомобиль. Преимущества покупки в автомобильном маркетплейсе Fresh: — Индивидуальные условия покупки. — Trade-in на подобранный автомобиль с максимальной выгодой. — Возможна онлайн-покупка авто. Выгодные условия кредитования. — Кредит по лучшей ставке. — Высокий уровень одобрения (в течение 15 минут). — 20 банков-партнеров для быстрого получения кредита. — Первоначальный взнос от 0%. — Отсутствие скрытых комиссий и платежей. — Оформление за 30 минут по двум документам. — Проведем сделку и оформим кредит на покупку авто у друга. — Онлайн оформление кредита. Услуги и гарантии: — Проверка авто по 250 пунктам диагностики. — Гарантия на 1 месяц или 1000 километров пробега. — Доставка до вашего дома или ближайшего пункта выдачи. — Страхование Каско со скидкой до 10%. — Сервисное обслуживание. — Детейлинг. — По запросу высылаем видеопрезентацию о каждом авто. Важно! Нашли авто на досках объявлений, поможем купить его в кредит без переплат. Fresh — это автомобильный маркетплейс, который занимается продажей автомобилей с пробегом: на сайте компании собраны более 15000 качественных автомобилей компании и ее партнёров: лучших игроков рынка. Факты о Фреш: Автодилер года 2021 и 2022, победитель премии «Лучший клиентский опыт CХ Awards». Топ-4 автохолдингов по продаже авто с пробегом. Свыше 28 000 авто продано за 2021-й год. 30 автосалонов. Автосервисы в каждом регионе присутствия. 2 000 сотрудников. 17 лет работы на рынке. Более 15 000 авто в наличии с доставкой. Официальный дилер 10 брендов. Более 250 000 подписчиков в Instagram и tiktok. 81% наших клиентов рекомендуют Fresh своим друзьям. - Темный салон. - Регулировка руля по высоте и вылету. - Регулировка сидения водителя по высоте. - Сиденье пассажира: ручная регулировка."
7,"ВАЗ (LADA) Kalina 1.4 MT, 2012, 83 000 км",https://www.avito.ruhttps://www.avito.ru/chelyabinsk/avtomobili/vaz_lada_kalina_1.4_mt_2012_83_000_km_3084205409,"Хетчбек от Автоваза. Технически в нормальном состоянии. По кузову есть недочёты. Возможно приобретение в кредит. Добавь объявление в избранное — не пропусти специальное предложение. Наши Автомобили: Прошли полную техническую проверку по 78 пунктам! Проверено через Гибдд, Банки, Фссп! Автокредит без Каско! Всегда доступны для просмотра более 500 автомобилей! Почему МЫ? Выгода при обмене вашего автомобиля на новый! (Трейд-ин). Страхование по Осаго либо Каско на месте! Дополнительная Гарантия от официального дилера! Индивидуальный подбор автомобиля! В наличии более 1 000 машин! Качественный тест-драйв! Все автомобиля можно испытать уже сегодня! Широкий ассортимент дополнительного оборудования от официального представителя! Более 30 000 автолюбителей нашли у нас свой автомобиль! «Регинас Профи» продаёт автомобили с пробегом в Челябинске, Екатеринбурге, Магнитогорске и Миассе! В наличии всегда более 1 000 автомобилей, доступных для вашего выбора! Тест-драйв в день обращения! Все автомобили прошли полную техническую диагностику по 78 пунктам. Мы гарантируем юридическую и финансовую чистоту автомобилей. Посмотреть автомобиль можно по адресу: ост. Ветлечебница, Вход через автосалон Hyundai 2 этаж. Мы работаем каждый день с 9-00 до 20-00. #cmecotmtwfrbmtexotqwqzaxotq2otvfqunimdawmza2na=."
8,"ВАЗ (LADA) Niva Travel 1.7 MT, 2023",https://www.avito.ruhttps://www.avito.ru/ekaterinburg/avtomobili/vaz_lada_niva_travel_1.7_mt_2023_3243989528,"Хетчбек от Автоваза. Технически в нормальном состоянии. По кузову есть недочёты. Возможно приобретение в кредит. Добавь объявление в избранное — не пропусти специальное предложение. Наши Автомобили: Прошли полную техническую проверку по 78 пунктам! Проверено через Гибдд, Банки, Фссп! Автокредит без Каско! Всегда доступны для просмотра более 500 автомобилей! Почему МЫ? Выгода при обмене вашего автомобиля на новый! (Трейд-ин). Страхование по Осаго либо Каско на месте! Дополнительная Гарантия от официального дилера! Индивидуальный подбор автомобиля! В наличии более 1 000 машин! Качественный тест-драйв! Все автомобиля можно испытать уже сегодня! Широкий ассортимент дополнительного оборудования от официального представителя! Более 30 000 автолюбителей нашли у нас свой автомобиль! «Регинас Профи» продаёт автомобили с пробегом в Челябинске, Екатеринбурге, Магнитогорске и Миассе! В наличии всегда более 1 000 автомобилей, доступных для вашего выбора! Тест-драйв в день обращения! Все автомобили прошли полную техническую диагностику по 78 пунктам. Мы гарантируем юридическую и финансовую чистоту автомобилей. Посмотреть автомобиль можно по адресу: ост. Ветлечебница, Вход через автосалон Hyundai 2 этаж. Мы работаем каждый день с 9-00 до 20-00. #cmecotmtwfrbmtexotqwqzaxotq2otvfqunimdawmza2na=."
9,"ВАЗ (LADA) Granta, 2023",https://www.avito.ruhttps://www.avito.ru/nizhniy_tagil/avtomobili/vaz_lada_granta_2023_3244228701,"Хетчбек от Автоваза. Технически в нормальном состоянии. По кузову есть недочёты. Возможно приобретение в кредит. Добавь объявление в избранное — не пропусти специальное предложение. Наши Автомобили: Прошли полную техническую проверку по 78 пунктам! Проверено через Гибдд, Банки, Фссп! Автокредит без Каско! Всегда доступны для просмотра более 500 автомобилей! Почему МЫ? Выгода при обмене вашего автомобиля на новый! (Трейд-ин). Страхование по Осаго либо Каско на месте! Дополнительная Гарантия от официального дилера! Индивидуальный подбор автомобиля! В наличии более 1 000 машин! Качественный тест-драйв! Все автомобиля можно испытать уже сегодня! Широкий ассортимент дополнительного оборудования от официального представителя! Более 30 000 автолюбителей нашли у нас свой автомобиль! «Регинас Профи» продаёт автомобили с пробегом в Челябинске, Екатеринбурге, Магнитогорске и Миассе! В наличии всегда более 1 000 автомобилей, доступных для вашего выбора! Тест-драйв в день обращения! Все автомобили прошли полную техническую диагностику по 78 пунктам. Мы гарантируем юридическую и финансовую чистоту автомобилей. Посмотреть автомобиль можно по адресу: ост. Ветлечебница, Вход через автосалон Hyundai 2 этаж. Мы работаем каждый день с 9-00 до 20-00. #cmecotmtwfrbmtexotqwqzaxotq2otvfqunimdawmza2na=."
10,"ВАЗ (LADA) Vesta 1.6 MT, 2023",https://www.avito.ruhttps://www.avito.ru/ekaterinburg/avtomobili/vaz_lada_vesta_1.6_mt_2023_3070033108,"Хетчбек от Автоваза. Технически в нормальном состоянии. По кузову есть недочёты. Возможно приобретение в кредит. Добавь объявление в избранное — не пропусти специальное предложение. Наши Автомобили: Прошли полную техническую проверку по 78 пунктам! Проверено через Гибдд, Банки, Фссп! Автокредит без Каско! Всегда доступны для просмотра более 500 автомобилей! Почему МЫ? Выгода при обмене вашего автомобиля на новый! (Трейд-ин). Страхование по Осаго либо Каско на месте! Дополнительная Гарантия от официального дилера! Индивидуальный подбор автомобиля! В наличии более 1 000 машин! Качественный тест-драйв! Все автомобиля можно испытать уже сегодня! Широкий ассортимент дополнительного оборудования от официального представителя! Более 30 000 автолюбителей нашли у нас свой автомобиль! «Регинас Профи» продаёт автомобили с пробегом в Челябинске, Екатеринбурге, Магнитогорске и Миассе! В наличии всегда более 1 000 автомобилей, доступных для вашего выбора! Тест-драйв в день обращения! Все автомобили прошли полную техническую диагностику по 78 пунктам. Мы гарантируем юридическую и финансовую чистоту автомобилей. Посмотреть автомобиль можно по адресу: ост. Ветлечебница, Вход через автосалон Hyundai 2 этаж. Мы работаем каждый день с 9-00 до 20-00. #cmecotmtwfrbmtexotqwqzaxotq2otvfqunimdawmza2na=."
11,"ВАЗ (LADA) Granta 1.6 MT, 2018, 95 157 км",https://www.avito.ruhttps://www.avito.ru/magnitogorsk/avtomobili/vaz_lada_granta_1.6_mt_2018_95_157_km_3093080698,"Серебряный саквояж, г. Магнитогорск, ул. Ленина, 113. - Автомобиль в отличном состоянии. - За все время эксплуатации 2 владельца. - Автомобиль полностью обслужен. - Оригинальный пробег. - Полный комплект ключей и документов. - Проведена полная диагностика. Напиши в Чат — получи персональное предложение! Узнавай первым об изменении цены, добавь объявление в избранные. Серебряный саквояж: Кредит без первоначального взноса. От 6,9% кредитная ставка. Доступный склад. Птс оригинал. Место осмотра. Осмотреть автомобиль можно по адресу: Челябинская область, Магнитогорск, проспект Ленина, 113, Серебряный Саквояж (пробег). Комплектация «Classic Start 21911-51-003»: Активная безопасность: — Антиблокировочная система. Пассивная безопасность: — Подушки безопасности водителя. — Система крепления детских автокресел. Противоугонная система: — Иммобилайзер. Помощь при вождении: — Бортовой компьютер. Комфорт: — Усилитель руля. — Регулировка руля. — Электростеклоподъемники передние. Управление климатом и обогрев: — Обогрев зеркал. Мультимедиа и навигация: — Аудиоподготовка. Салон и интерьер: — Тканевая обивка салона. — Складывающееся заднее сидение. Экстерьер: — Штампованные стальные диски. — Декоративные молдинги."
12,"ВАЗ (LADA) 4x4 (Нива) 1.7 MT, 2020, 20 944 км",https://www.avito.ruhttps://www.avito.ru/magnitogorsk/avtomobili/vaz_lada_4x4_niva_1.7_mt_2020_20_944_km_2869197676,"Серебряный саквояж, г. Магнитогорск, ул. Ленина, 113. - Полноприводный, надежный, отечественный внедорожник. - Подтвержденный, небольшой пробег. - Все элементы кузова автомобиля в заводском окрасе. - За весь период эксплуатации 2 владельца. - Полный комплект ключей и документов. - Проведена полная диагностика. Напиши в Чат — получи персональное предложение! Узнавай первым об изменении цены, добавь объявление в избранные. Серебряный саквояж: Кредит без первоначального взноса. От 6,9% кредитная ставка. Доступный склад. Птс оригинал. Место осмотра. Осмотреть автомобиль можно по адресу: Челябинская область, Магнитогорск, проспект Ленина, 113, Серебряный Саквояж (пробег). Комплектация «Classic»: Активная безопасность: — Антиблокировочная система. — Система помощи при экстренном торможении. — Эра-Глонасс. Пассивная безопасность: — Система крепления детских автокресел. Комфорт: — Усилитель руля. — Электростеклоподъемники передние. Мультимедиа и навигация: — Аудиоподготовка. — Розетка 12V. Салон и интерьер: — Тканевая обивка салона. — Складывающееся заднее сидение. Экстерьер: — Штампованные стальные диски. — Размер дисков 16″. — Тонированные стекла. Освещение: — Огни дневного хода. Комплектность: — Запасное колесо."
13,"ВАЗ (LADA) Kalina 1.6 MT, 2008, 212 000 км",https://www.avito.ruhttps://www.avito.ru/miass/avtomobili/vaz_lada_kalina_1.6_mt_2008_212_000_km_3150852222,"Данный автомобиль представлен в автосалоне автомобилей с пробегом «автореал Трейд»! 1. Автомобиль прошел диагностику; 2. Гарантия юридической чистоты автомобиля; 3. Полный комплект документов; Документы проверены на подлинность: не находятся в залоге, розыске, в спорах, отсутствуют ограничения на регистрационные действия. По запросу предоставим Vin номер. Автосалон автомобилей с пробегом «автореал Трейд» в г. Миассе предлагает Вам: оформление кредита на автомобили с пробегом, обмен автомобиля с пробегом на автомобиль с пробегом; Срочный выкуп вашего авто деньги этим же днем. Автореальность — это реально! Выкупим Автомобили Любых Марок, Кредитные, После Дтп. - Рыночная Оценка Вашего Автомобиля*. - Возможность Оформления Кредита Без Первоначального Взноса. - Минимальный Набор Документов Для Заявки На Кредит. - Оформление Автокредита Здесь И Сейчас. - Рассмотрим Ваш Автомобиль В Качестве Первоначального Взноса. Птс оригинал. Место осмотра. Осмотреть автомобиль можно по адресу: Челябинская область, Миасс, Тургоякское шоссе, 5а. Комплектация «Стандарт»: Активная безопасность: — Антиблокировочная система. Пассивная безопасность: — Подушки безопасности. Противоугонная система: — Иммобилайзер. — Центральный замок. Помощь при вождении: — Бортовой компьютер. Комфорт: — Усилитель руля. — Регулировка сиденья пассажира. — Электростеклоподъемники передние. Управление климатом и обогрев: — Обогрев заднего стекла. Мультимедиа и навигация: — Медиасистема. — Колонки. — Аудиоподготовка. — Розетка 12V. Салон и интерьер: — Тканевая обивка салона. Экстерьер: — Тонированные стекла. Комплектность: — Птс. — Свидетельство о регистрации. — Комплект ковриков."
14,"ВАЗ (LADA) 2114 Samara 1.5 MT, 2013, 98 200 км",https://www.avito.ruhttps://www.avito.ru/polevskoy/avtomobili/vaz_lada_2114_samara_1.5_mt_2013_98_200_km_3127702242,Продам Ваз 2114 в хорошем состоянии.
15,"ВАЗ (LADA) Vesta Cross 1.8 AMT, 2019, 91 404 км",https://www.avito.ruhttps://www.avito.ru/magnitogorsk/avtomobili/vaz_lada_vesta_cross_1.8_amt_2019_91_404_km_3093507307,"Серебряный саквояж, г. Магнитогорск, ул. Ленина, 113. - Автомобиль в отличном состоянии. - Полный пакет документов. - Подтвержденный пробег. Напиши в Чат — получи персональное предложение! Узнавай первым об изменении цены, добавь объявление в избранные. Серебряный саквояж: Кредит без первоначального взноса. От 6,9% кредитная ставка. Доступный склад. Птс оригинал. Место осмотра. Осмотреть автомобиль можно по адресу: Челябинская область, Магнитогорск, проспект Ленина, 113, Серебряный Саквояж (пробег). Характеристики. — Роботизированная коробка передач, 5 ст. Комплектация «Luxe Prestige (2017-2019)»: Активная безопасность: — Антиблокировочная система. — Антипробуксовочная система. — Система курсовой устойчивости. — Система помощи при экстренном торможении. — Эра-Глонасс. Пассивная безопасность: — Подушки безопасности водителя. — Подушки безопасности пассажира. — Боковые передние подушки безопасности. — Система крепления детских автокресел. Противоугонная система: — Сигнализация. — Иммобилайзер. — Центральный замок. Помощь при вождении: — Бортовой компьютер. — Круиз-контроль. — Парктроник задний. — Камера заднего вида. — Система помощи при старте в гору. — Датчик света. — Датчик дождя. Комфорт: — Усилитель руля. — Регулировка руля. — Регулировка сиденья водителя в двух плоскостях. — Электростеклоподъемники передние и задние. — Электропривод зеркал. — Декоративное освещение салона. — Охлаждаемый перчаточный ящик. Управление климатом и обогрев: — Климат-контроль 1-зонный. — Подогрев сидений водителя, пассажира и задних пассажиров. — Обогрев зеркал. — Обогрев лобового стекла. Мультимедиа и навигация: — Навигационная система. — CD. — Usb. — Bluetooth. — Aux. — Мультифункциональное рулевое колесо. — Розетка 12V. Салон и интерьер: — Комбинированная обивка салона. — Складывающееся заднее сидение. — Третий задний подголовник. — Передний центральный подлокотник. Экстерьер: — Литые легкосплавные диски. — Размер дисков 17″. — Тонированные стекла. — Рейлинги на крыше. — Декоративные молдинги. Освещение: — Противотуманные фары. Комплектность: — Докатка."
16,"ВАЗ (LADA) 4x4 (Нива), 2021",https://www.avito.ruhttps://www.avito.ru/stavropol/avtomobili/vaz_lada_4x4_niva_2021_2559873886,"Авто В Хорошем Состоянии, 2 Владельца, Без Дтп по базе Гибдд, Оригинальный Подтвержденный Пробег, Комплектация Luxe С Кондиционером. Авто Полностью Проверено Как С Юридической Стороны Так И С Технической. Полностью Готов К Эксплуатации. Данное Авто Вы Можете Приобрести По Системе Кредитования И Системе Трейд-ИН. ГК Автопрестиж — Официальный дилер Брендов Mitsubishi, Nissan, Hyundai, Lada. Автомобили С Пробегом от ГК Автопрестиж — Ваш надёжный партнёр в выборе Проверенного Автомобиля с пробегом в Ставропольском крае также в городах РФ: Локации наших салонов: Пермь. Самара. Оренбург. Ставрополь. Минеральные Воды. Станьте Счастливым Владельцем Проверенного Автомобиля Уже Сегодня! Онлайн подача заявки на кредит по 1 документу. Без первоначального взноса. Срок кредита до 8 лет для комфортных платежей ($). Возможность оформить кредит без залога. Без Каско — необязательно. Ваш автомобиль может быть первоначальным взносом. С честной историей и гарантией Юридической чистоты. Полная предпродажная подготовка к эксплуатации. Отличное внешнее и техническое состояние. Будем рады Вас видеть в нашем автосалоне «Автопрестиж». Место осмотра: г. Ставрополь, ул. Кулакова 39! Работаем ежедневно с 08.00 до 20.00! Есть вопрос? Задайте его по телефону и приезжайте на Тест-Драйв! Возможен обмен на ваш автомобиль с доплатой в любую из сторон. Полный переход права собственности по договору купли-продажи. Выгодный Trade-IN, Комиссия и быстрый Выкуп автомобилей с пробегом. Каждый автомобиль проходит диагностическую проверку! Индивидуальный подход к каждому Клиенту! Дополнительную информацию готовы предоставить по телефону! Возможна демонстрация автомобиля по видеосвязи: Face Time, Viber, whatsapp, Telegram! Готовы на диагностику в любом независимом сервисе! Автоподбор — если Вы не нашли подходящий автомобиль, расскажите нам об этом в Чат! Мы постараемся найти то, что Вам нужно! *Предложение ограничено! Все подробности уточняйте у специалистов отдела продаж. #cmecmtm5ms3qkncf0ymwmdaxmdmxlti0mdyymdizldcm0jewmdaxmtq3nw=."
17,"ВАЗ (LADA) Priora 1.6 MT, 2010, 267 000 км",https://www.avito.ruhttps://www.avito.ru/chelyabinsk/avtomobili/vaz_lada_priora_1.6_mt_2010_267_000_km_3237728136,"Двигатель и гбо работают идеально. Ходовка вся сделана в этом году. Машина не подводила не разу. Зимой заводится в любой мороз. Летом не кипит. Дверь багажника немного замята, но работает хорошо."
18,"ВАЗ (LADA) Kalina 1.6 MT, 2006, 200 000 км",https://www.avito.ruhttps://www.avito.ru/kyshtym/avtomobili/vaz_lada_kalina_1.6_mt_2006_200_000_km_3237807775,"По факту 1 хозяин, техника хорошая, по кузову на фото, собственник, хороший поджопник."
19,"ВАЗ (LADA) Granta 1.6 MT, 2020, 108 000 км",https://www.avito.ruhttps://www.avito.ru/chelyabinsk/avtomobili/vaz_lada_granta_1.6_mt_2020_108_000_km_3039661825,"Состояние отличное! В одних руках, есть небольшая мятинка на двери и поврежден задни бампер, газовое оборудовние, диджитроник. Очень экономично и удобно, музыка, сигнализация!"
20,"ВАЗ (LADA) Priora 1.6 MT, 2013, 154 745 км",https://www.avito.ruhttps://www.avito.ru/krasnouralsk/avtomobili/vaz_lada_priora_1.6_mt_2013_154_745_km_3282964812,Продам приору 13 года! 2 хозяина. Машина в хорошем состояниии. Автозапуск. Литые диски. Резина летняя 2 сезона. Поменян ремень грм. Масло. Колодки новые в круг. Сел и поехал. Вкладывать ничего не надо. Торг у капота.
21,"ВАЗ (LADA) 2108, 2002",https://www.avito.ruhttps://www.avito.ru/ekaterinburg/avtomobili/vaz_lada_2108_2002_2923333729,"Живая восьмерека. Все железо родное! Кузов сохранился в отличном состоянии. Полностью разбирался и красился идеально в 2016. Все промовилено и обработано. Следов корозии нет и не было! Последние 10 лет ездит батя 60 лет. За машиной следит, лучше чем за детьми и внуками. Пробег родной. Коробка 6 передач. Блокировка. Едет бодро, бензин нюхает! Продавать нет желания, но за 500 000 отдам. Торга нет. Может найдется ценитель богатый, который может себе позволить такую роскошь."
22,"ВАЗ (LADA) 2107 1.5 MT, 1999, 100 000 км",https://www.avito.ruhttps://www.avito.ru/argayash/avtomobili/vaz_lada_2107_1.5_mt_1999_100_000_km_3113486287,"Продам авто, я собственник, рабочая машина, по минусам — это пороги, какой-то смурфик переваривал их, но они сгнили, можно использовать 3 попытку и возможно она заживет новыми красками. Открывали наружу не мной к большому счастью двери передние, вмятины на фото, закрытие дверей в реальности испробуете. Поменяли недавно сцепление, нужно еще его подтянуть и скоростя будет листать мама не горюй, дверные карты новые, подиумы новые, динамики и два блина есть, а магнитолу сперли, ценнее больше ничего не нашли, ездит можно каждый день, так я и делаю, 24/7 за рулем и не разу не ломалась к счастью, колеса стоят какие сам не знаю!"
23,"ВАЗ (LADA) 4x4 (Нива) 1.6 MT, 1980, 100 000 км",https://www.avito.ruhttps://www.avito.ru/nevyansk/avtomobili/vaz_lada_4x4_niva_1.6_mt_1980_100_000_km_3008664886,"Продам ниву в хорошем состоянии, на полном ходу, вся переварена, кузов усилен, задрана, самое то для бездорожья, полный комплект документов, двигатель не родной, но вставала на учёт с этим двигателем, раздатка работаем нормально, блокировка тоже, что интересно узнавайте, возможен обмен на простую иномарку, торг присутствует."
24,"ВАЗ (LADA) Largus, 2017",https://www.avito.ruhttps://www.avito.ru/sverdlovskaya_oblast_berezovskiy/avtomobili/vaz_lada_largus_2017_3104860510,"3 собственника! Первая регистрация — 06.06.2018г. Мы представляем весь спектр услуг по продаже автомобилей с пробегом: * Автокредит ( более 15 банков партнёров). * Продажа автомобилей с пробегом. * Выкуп автомобилей. * Обмен по системе Trade-in. * Принимаем на комиссию. * Предпродажная подготовка автомобиля. * Гарантия юридической чистоты. Место осмотра. Осмотреть автомобиль можно по адресу: Свердловская область, Березовский, Березовский тракт 4Б. Пассивная безопасность: — Подушка безопасности. Противоугонная система: — Сигнализация. — Иммобилайзер. — Центральный замок. Комфорт: — Гур. — Регулировка руля. — Электропривод зеркал. Управление климатом и обогрев: — Кондиционер. Мультимедиа и навигация: — Магнитола. Салон и интерьер: — Тканевая обивка салона. Освещение: — Галогенные фары. — Дневные ходовые огни."
25,"ВАЗ (LADA) Kalina 1.6 MT, 2007, 152 000 км",https://www.avito.ruhttps://www.avito.ru/kamensk-uralskiy/avtomobili/vaz_lada_kalina_1.6_mt_2007_152_000_km_3283592771,"Машина в собственности последние 5 лет. Красивый цвет. Реальный пробег. Сигнализация с АО. Магнитола, колонки. (играет хорошо). 3 хозяина. Зимой в машине тепло. Стоят хорошие Led лампочки, светят отлично и ярко (как ксенон). Масло не ест, антифриз не бежит. Чистый и свежий салон. Поменял передние крылья, т. К старые были с ржавчиной, а также новые фары, старые пожелтели и плохо светили. Машина в хорошем состоянии, сел и поехал. Много что поменяно. А именно: - масло в коробке (май 23г). - масло в двигателе. - печной радиатор (который в панели) (май 23г). - все патрубки + антифриз (май 23г). - маслосъемные колпачки + прокладки двигателя (июнь 23г). - сцепление (в июне 23г). - все стойки в круг (сентябрь 22г). - колодки. - свечи. - датчик давления масла в двигателе. - Грм и ролик. - крепление бензобака. Бонусы: - канистра масла на 1 замену. - резина зимняя Yokohama (шипы) на штампах R 14 (б/у 1 сезон). - трос сцепления. Есть небольшое НО! Недавно стал отключаться Эур (то работает, то нет), я его отключил совсем, и получилась обычная машина без усилителя руля, езжу проблем нету. За этот недостаток есть Торг. В остальном все отлично, любые проверки. Будете ездить без ремонтов еще долго. Калина 1, лада калина 1, калина 2007 года, машина до 300, машина до 300 000 рублей, отечественная, Ваз, калина, отечественный авто, отечественный автомобиль, купить калина 1, купить калина 2007 года."
26,"LADA Priora, 2010",https://www.avito.ruhttps://www.avito.ru/penza/avtomobili/lada_priora_2010_2620149274,"Вин — Xta217230a0113877. Автомобиль в Идеальном состоянии. В салоне не курили. Кузов Не Битый! Любые ваши проверки и диагностики приветствуются! Автомобиль полностью обслужен, вложений не требует. Сигнализация! Полный комплект ключей и документов. Уважаемый Покупатель! Если Вы видите это объявление, значит именно этот автомобиль есть в наличии и он находится в нашем автосалоне. И вы можете осмотреть его в освещаемом крытом паркинге, в любой день! Рассмотрю вариант обмена. Форма оплаты любая. Возможна продажа в Кредит. Режим работы с 9 до 18.00 — ежедневно без перерыва и выходных. Осмотр возможен по адресу Г. Пенза. Ул. Воронова 5( Район Окружная), крытый автопаркинг, вход по лестнице- на 3 этаж!"
27,"ВАЗ (LADA) Granta, 2019",https://www.avito.ruhttps://www.avito.ru/penza/avtomobili/vaz_lada_granta_2019_2268586931,"Вин Код — Xta219110k0342132. Автомобиль в Идеальном состоянии. В салоне не курили. Кузов Не Битый!. Любые ваши проверки и диагностики приветствуются! Автомобиль полностью обслужен, вложений не требует. Сигнализация! Полный комплект ключей и документов. Уважаемый Покупатель! Если Вы видите это объявление, значит именно этот автомобиль есть в наличии и он находится в нашем автосалоне. И вы можете осмотреть его в освещаемом крытом паркинге, в любой день! Рассмотрю вариант обмена. Форма оплаты любая. Возможна продажа в Кредит. Режим работы с 9 до 18.00 — ежедневно без перерыва и выходных. Осмотр возможен по адресу Г. Пенза. Ул. Воронова 5( Район Окружная), крытый автопаркинг, вход по лестнице- на 3 этаж!"
28,"ВАЗ (LADA) 2111 1.6 MT, 2007, 284 452 км",https://www.avito.ruhttps://www.avito.ru/ekaterinburg/avtomobili/vaz_lada_2111_1.6_mt_2007_284_452_km_3046434937,"Машинка не для гламурных покатушек, а для ежедневных трудовых будней. Технически машина исправна и бегает хорошо. Двигатель меняный (такой же модели с документами) не дымит и запускается хорошо. Хороший аккумулятор. Подвеска в норме. Передачи включаются чётко и не выпадают. Новая тормозная система. Дно переварено хорошим железом. По кузову внешние жизненные косячки все видны на фото. Салон немного неопрятный, но уже с европанелью. Передние электростеклоподъёмники исправны. Простенькая музыка. Сигнализация без автозапуска. Лобовое с трещинками. Имеется фаркоп. Родной Птс. Арестов и запретов на машине нету. Для проверки авто вин есть на фото. На стоянки и в салоны не ставлю, звонки перекупов приветствуются."
29,"ВАЗ (LADA) Vesta 1.6 CVT, 2020, 50 500 км",https://www.avito.ruhttps://www.avito.ru/ekaterinburg/avtomobili/vaz_lada_vesta_1.6_cvt_2020_50_500_km_3167858094,"Есть Вариант Получить Значительный Торг. Машина по факту в одних руках, была на Юр. Лице, потом переоформил на себя. Ездил с первого дня один водитель. Все ТО по регламенту у официалов."
30,"ВАЗ (LADA) XRAY Cross 1.6 CVT, 2019, 43 385 км",https://www.avito.ruhttps://www.avito.ru/magnitogorsk/avtomobili/vaz_lada_xray_cross_1.6_cvt_2019_43_385_km_2517731626,"Серебряный саквояж, г. Магнитогорск, ул. Ленина, 113. - Автомобиль в отличном техническом состоянии. - Небольшой, подтвержденный пробег. - Модификация Cross. - Высокий дорожный просвет. - Легкосплавные диски 16 радиуса. - Сигнализация с автозапуском. - Тонирование задней полусферы. - Автоматическая коробка передач. Напиши в Чат — получи персональное предложение! Узнавай первым об изменении цены, добавь объявление в избранные. Серебряный саквояж: Кредит без первоначального взноса. От 6,9% кредитная ставка. Доступный склад. Птс оригинал. Место осмотра. Осмотреть автомобиль можно по адресу: Челябинская область, Магнитогорск, проспект Ленина, 113, Серебряный Саквояж (пробег). Характеристики. — Вариаторная коробка передач. Комплектация «Comfort»: Активная безопасность: — Антиблокировочная система. — Система курсовой устойчивости. — Эра-Глонасс. Пассивная безопасность: — Подушки безопасности водителя. — Подушки безопасности пассажира. — Система крепления детских автокресел. Противоугонная система: — Сигнализация. — Иммобилайзер. — Центральный замок. Помощь при вождении: — Бортовой компьютер. — Парктроник задний. — Камера заднего вида. — Система помощи при старте в гору. Комфорт: — Усилитель руля. — Регулировка руля. — Электростеклоподъемники передние и задние. — Электропривод зеркал. — Охлаждаемый перчаточный ящик. Управление климатом и обогрев: — Кондиционер. — Подогрев сидений водителя и пассажира. — Обогрев зеркал. Мультимедиа и навигация: — CD. — Usb. — Bluetooth. — Aux. — Мультифункциональное рулевое колесо. — Розетка 12V. Салон и интерьер: — Тканевая обивка салона. — Складывающееся заднее сидение. — Функция складывания спинки сиденья пассажира. — Третий задний подголовник. — Передний центральный подлокотник. Экстерьер: — Литые легкосплавные диски. — Размер дисков 16″. — Рейлинги на крыше. Освещение: — Противотуманные фары. Комплектность: — Сервисная книжка. — 1 комплект ключей."
31,"ВАЗ (LADA) Granta, 2016",https://www.avito.ruhttps://www.avito.ru/ekaterinburg/avtomobili/vaz_lada_granta_2016_3024798104,"Продажа От Автосалона!… Птс Оригинал!… Обогрев Заднего Стекла!… Usb!… Камера Заднего Вида! #Один владелец. #Оригинальный Птс. #Полный комплект ключей и документов. #Возможна покупка в кредит. #Возможет обмен. Регинас Профи — это 30 лет успешной работы в автобизнесе! Мы предлагаем проверенные автомобили и гарантируем Вам юридическую чистоту сделки! Спектр услуг Регинас Профи: Срочный выкуп Вашего автомобиля ( в том числе в кредите или залоге). Деньги в день обращения. Трейд-ин — обмен Вашего автомобиля на новый или с пробегом. Комиссионная продажа на Ваших условиях. Кредитование (можно без первоначального взноса, по двум документам), выдача автомобиля в день подписания договора. Страхование Каско, Осаго. Установка дополнительного оборудования и продажа запасных частей. Возможна покупка шин и дисков (с пробегом). Индивидуальные условия покупки — возможен торг «у капота». Бесплатный отчет проверки по Vin номеру. Гарантия выгоды по условиям: Скидка при покупке, а/м по программе Trade-In! Скидка при покупке, а/м в кредит! Добавьте объявление в избранные и узнавайте Первым об изменении цены! Работаем ежедневно с 09:00 до 20:00. Звоните нам, а лучше приезжайте и забирайте свой автомобиль уже сегодня! #cmecotmtwfrbmje5mdewsda0ndyxmjzf0jdqp9ctmdawmde3oa=."
32,"ВАЗ (LADA) 2108 1.5 MT, 1990, 74 660 км",https://www.avito.ruhttps://www.avito.ru/chelyabinsk/avtomobili/vaz_lada_2108_1.5_mt_1990_74_660_km_3378084105,"Продам Ваз 2108 90года владею ей год. За год был поменян двигатель, но не вписан доки на двигатель есть. Поменял месяц назад ступичные подшипники. Поменял колодки залил новую тормозную жидкость поменял главный тормозной вакуумник. Поставил электро бензонасос низкого давления. Отдам вместе с номерами ууу. Из вложений надо поменять кран печки он есть с патрубками поменять стойки. Маслосъемные колпачки потому что где двигатель покупал машина стояла 2 года и они расохлись дым из глушителя идёт, а из сапуна нет. Торга Нет!"
33,"ВАЗ (LADA) Niva 1.7 MT, 2021, 55 000 км",https://www.avito.ruhttps://www.avito.ru/zlatoust/avtomobili/vaz_lada_niva_1.7_mt_2021_55_000_km_3346292906,"Продам Niva Chevrolet Люкс в очень красивом цвете, эксплуатация с весны 2021г. Состояние Нового Автомобиля! Один Единственный Хозяин, одна запись в Оригинальном Птс. Родного Оригинального Пробега Всего 55т. Км. Автомобиль весь в Заводской Краске Не Билась, Не Красилась, Не Подкрашивалась, Не Царапалась ни одна деталь вместе с бамперами 100%, любые проверки приборами и и. Д. Идеально Ровный Нет Вообще ни одной малейшей вмятинки и царапины, сколов и рыжиков вообще нигде нет, арки и пороги как с завода. Стекла все Родные без сколов и трещин. Запаска Новая не ставленная. Очень чистый, ухоженный автомобиль с Самой Бережной И Только Летней эксплуатацией и аккуратным отношением. Машина Реально Не Видела Ни Соли, Ни Грязи, Ни Дорожных Реагентов. По Бездорожью и Соленым Трассам Вообще Не Ездили. Гаражное хранение. По технической части двигатель, ходовая, коробка и вся трансмиссия все в Полном Идеале Как На Новой Машине. Салон вообще как в Новой машине, все идеально чисто, нет вообще ни одной соринки, никто никогда не курил, пластик нигде не поцарапан, пахнет Новой машины. Автомобиль в Хорошей Комплектации: Кондиционер, Abs+Bas, подушки Airbag, электро зеркала с подогревом, противотуманные фары, бортовой компьютер, оригинальные Литые Диски, музыка Usb, штатная сигнализация. Идеальный, Целый, Красивый, Не Крашенный как Новый автомобиль с родным Маленьким Пробегом из под очень аккуратно хозяина, не требующий вообще никаких дополнительных вложений. При покупке для себя точно не пожалеете, машина понравиться на все 100%. Таких машин на вторичном рынке очень мало. Цена соответствует состоянию, комплектации и пробегу машины."
34,"ВАЗ (LADA) Granta 1.6 MT, 2019, 64 200 км",https://www.avito.ruhttps://www.avito.ru/ekaterinburg/avtomobili/vaz_lada_granta_1.6_mt_2019_64_200_km_3108047792,"Техническая Гарантия 1 Год! Данный авто находится в автомолле «Июль авто» по адресу: ул. Совхозная, 16. Скидка в кредит 15 000 р. Скидка при обмене 15 000 р. Рассрочка без первоначального взноса. Бесплатно предоставим отчет Автотеки. Гарантируем юридическую чистоту — проверка по базе Гибдд, Фссп, Реестр залогов и т д. При Вас проверим состояние кузова толщиномером. Осмотр на подъемнике и диагностика в любом независимом сервисе. Тест-драйв любого автомобиля. Более 1000 авто в наличии — подберем лучший вариант. Приведи друга — получи 3000 р.! Дополнительные услуги: - Выкуп Вашего автомобиля за 1 час. - Выездной осмотр. - Выкуп кредитных автомобилей. - Обмен Вашего автомобиля на автомобиль с пробегом, в том числе с нашей доплатой. - Комиссионная продажа по Вашей цене. - Кредитование без первоначального взноса. - Страхование Осаго и Каско. > Более 1000 Авто В Наличии! Все подробности и спецпредложения уточняйте у менеджеров отдела продаж. #cme1032-194072."
35,"ВАЗ (LADA) 2105 1.5 MT, 1994, 23 000 км",https://www.avito.ruhttps://www.avito.ru/ekaterinburg/avtomobili/vaz_lada_2105_1.5_mt_1994_23_000_km_3132683698,"Продам ваз 2105, долгое время стояла без движения ( лет 10-15) не на ходу нужно реанимировать от сырости подгнила, двигатель норм 23000 пробег реальный, салон как новый только весь в пыли, с учета снята из доков Птс только стс утеряна не смогли найти, Торг."
36,"ВАЗ (LADA) 2113 Samara, 2004",https://www.avito.ruhttps://www.avito.ru/zlatoust/avtomobili/vaz_lada_2113_samara_2004_2897393886,"Важно! По документам которые бьются в базе не те, т. К тебе были утеряны, пришлось вписывать другие документы, но по Гаи все ок, с переоформлением тоже. Не арестов, не Дтп. При желании скину вам документы и больше фото. Продам бодрую 2113 2012 года. Много чего поменяно. Прошитый движок,8 клоп 1.6. По технике все идеал. По кузову пару косяков. Днище в идеальном состоянии. Пороги тоже. В салоне тишина, ничего не гремит, не стучит. Кпп не хрустит, легко переключается. Ручник работает. Машина бросается в глаза, все делали для себя, от машины не избавляюсь. В салоне чисто и опрятно, не курили. Едет очень бодро. Прямая трасса стингер. Eva ковры. В круг led. С продажей не тороплюсь, езжу почти каждый день. Есть летняя резина на литье. Торг имеется."
37,"ВАЗ (LADA) 2107, 2007",https://www.avito.ruhttps://www.avito.ru/penza/avtomobili/vaz_lada_2107_2007_2716084938,"Вин — Xta21074072645239. Один Единственный Хозяин. Автотека Вся Зеленая. Оригинальный Пробег. В Родной Краске. Без Единого Намека На Ржавчину. Автомобиль в Идеальном состоянии. В салоне не курили. Кузов Не Битый! Любые ваши проверки и диагностики приветствуются! Автомобиль полностью обслужен, вложений не требует. Сигнализация! Полный комплект ключей и документов. Уважаемый Покупатель! Если Вы видите это объявление, значит именно этот автомобиль есть в наличии и он находится в нашем автосалоне. И вы можете осмотреть его в освещаемом крытом паркинге, в любой день! Рассмотрю вариант обмена. Форма оплаты любая. Возможна продажа в Кредит. Режим работы с 9 до 18.00 — ежедневно без перерыва и выходных. Осмотр возможен по адресу Г. Пенза. Ул. Воронова 5( Район Окружная), крытый автопаркинг, вход по лестнице- на 3 этаж!"
38,"ВАЗ (LADA) 2114 Samara 1.6 MT, 2013, 103 000 км",https://www.avito.ruhttps://www.avito.ru/chelyabinsk/avtomobili/vaz_lada_2114_samara_1.6_mt_2013_103_000_km_2607861853,"Машина в хорошем техническом и эстетическом состоянии, реальный пробег. Салон в идеальном состоянии, в машине не курили, расходники менялись во время! По мотору и коробке нареканий нет, мотор масло не ест, тянет очень бодро. Евросалон. Пороги родные и не гнилые вобщем за машиной ухаживали, свежая летняя резина нокиан хака Грин. Музыка пионер и 4 динамика кикс. От машины не избавляюсь и с продажей не тороплюсь в салон не поставлю. Езжу каждый день. Аргоументированный торг есть."
39,"ВАЗ (LADA) 4x4 (Нива) 1.7 MT, 2017, 45 948 км",https://www.avito.ruhttps://www.avito.ru/magnitogorsk/avtomobili/vaz_lada_4x4_niva_1.7_mt_2017_45_948_km_2677154827,"Заинтригованы, Удивлены? - Расскажем подробнее, что же такое Lada 1+1. А это Двойная Выгода на покупку Lada с пробегом! При покупке Lada с пробегом у нас Вы получаете возможность получить: Выгоду до 3% и выиграть один из подарков: Покрытие автомобиля воском, 3 комплексные мойки. Масляный сервис. Карту помощи на дороге. Полировка кузова 2-х элементов. Антикоррозийное покрытие. - Автомобиль в отличном состоянии. - Железные элементы кузова в заводском лакокрасочном покрытии. - ТС в Дтп не участвовало. Цена указана с учётом скидок и спецпредложений: Скидка при оформлении Каско 25 000. Скидка при оформлении кредита в банке партнёра 50 000. Скидка при сдаче авто в trade-in 25 000. Напиши в Чат — получи персональное предложение! Узнавай первым об изменении цены, добавь объявление в избранные. Сильвер. Select: Кредит без первоначального взноса. От 6,9% кредитная ставка. Доступный склад. Птс оригинал. Место осмотра. Осмотреть автомобиль можно по адресу: Челябинская область, Магнитогорск, с. Красная Башкирия, ул. 50 лет Победы, 34. Комплектация «Standard (2017-2018)»: Активная безопасность: — Антиблокировочная система. Пассивная безопасность: — Система крепления детских автокресел. Комфорт: — Усилитель руля. — Электростеклоподъемники передние. Мультимедиа и навигация: — Аудиоподготовка. — Розетка 12V. Салон и интерьер: — Тканевая обивка салона. — Складывающееся заднее сидение. — Прикуриватель и пепельница. Экстерьер: — Штампованные стальные диски. — Декоративные молдинги."
40,"ВАЗ (LADA) Priora 1.6 MT, 2009, 200 000 км",https://www.avito.ruhttps://www.avito.ru/chelyabinsk/avtomobili/vaz_lada_priora_1.6_mt_2009_200_000_km_3243821655,"Продаю приору, техничная часть в рабочем состояние, передвигаюсь каждый день, по кузову нормально ( смотрим фото) стаканы целые, телевизор не варен, музыка, кондиционер, сигнализация ( старлайн, основной брелок утерян, есть дубликат открыть закрыть) с документами порядок на учете стоит, запретов нет! Торг минимальный."
41,"ВАЗ (LADA) 2114 Samara 1.6 MT, 2007, 230 000 км",https://www.avito.ruhttps://www.avito.ru/nizhniy_tagil/avtomobili/vaz_lada_2114_samara_1.6_mt_2007_230_000_km_3226387200,"По вложениям окрас капота и задние арки, в остальном авто в хорошем состоянии."
42,"ВАЗ (LADA) 2107 1.6 MT, 2008, 105 000 км",https://www.avito.ruhttps://www.avito.ru/chelyabinsk/avtomobili/vaz_lada_2107_1.6_mt_2008_105_000_km_3261084230,"Продам ваз 21074. Сел и поехал, Акб в багажнике что бы не воровали. Все вопросы по телефону. Торг минимальный."
43,"ВАЗ (LADA) 4x4 (Нива), 2017",https://www.avito.ruhttps://www.avito.ru/chelyabinsk/avtomobili/vaz_lada_4x4_niva_2017_3218593988,Не бита. Без корозии. Родной пробег100%. Состояние нового. Остальные вопросы по телефону. Торг. Обмен.
44,"ВАЗ (LADA) Granta Cross 1.6 MT, 2019, 55 000 км",https://www.avito.ruhttps://www.avito.ru/chelyabinsk/avtomobili/vaz_lada_granta_cross_1.6_mt_2019_55_000_km_2896436211,"При Покупке Автомобиля Скидка На Услуги Сервиса 30%*. Склад быстро обновляется, часть автомобилей не успевают опубликовываться! Все автомобили Вы можете посмотреть у нас в автосалоне. Все Автомобили и Птс в наличии, оформление в день сделки. Скидки на автомобили! Максимальная скидка возможна при покупке автомобиля в кредит и обмене своего автомобиля по программе Trade-In. Добавьте этот автомобиль в избранное и вы не пропустите самое выгодное предложение! Гарантия юридической чистоты: - автомобиль не в залоге, не находится в розыске, не является предметом спора, - автомобиль проверен на ограничения на регистрационные действия. Любая форма оплаты: - наличный и безналичный расчет, - кредит, ставка от 7%, без первоначального взноса, более 15 банков! - обмен по программе Trade-In. Срочный выкуп Автомобилей: - деньги в день обращения, - принимаем автомобили на комиссию. Всегда большой выбор автомобилей в наличии! Цена в объявлении актуальна! Мы Более 20 лет на рынке! Ждем Вас — Бэст Авто на Гагарина. Ежедневно, с 9:00 до 20:00. *условия, сроки и время проведения акции уточняйте у менеджеров автосалона."
45,"ВАЗ (LADA) XRAY 1.6 MT, 2018, 62 000 км",https://www.avito.ruhttps://www.avito.ru/kamensk-uralskiy/avtomobili/vaz_lada_xray_1.6_mt_2018_62_000_km_3067241917,"Машина в одних руках, все ТО делались по регламенту и во время. Сигнализация старлайн с автозапуском, с мобильного приложения. 2 комплекта колес: лето на штамповках, зима на дисках. Чехлы на сидениях. Менее 100 км назад поменяли масло в двигатели, передние тормозные диски и колодки. Возможен небольшой торг. На выходных проверили задние тормозные барабаны износ 20-30%. Машина полностью обслужена!"
46,"ВАЗ (LADA) Granta 1.6 MT, 2020, 60 500 км",https://www.avito.ruhttps://www.avito.ru/zlatoust/avtomobili/vaz_lada_granta_1.6_mt_2020_60_500_km_3136556986,"Машина в идеальном состоянии. Мотор, коробка, ходовая часть все как у новой машины. Салон опрятный, чистый на кожаных чехлах(новых) 17 диски. Сигнализация с, а/з. Хорошая новая музыка. В фарах стоят дорогие лед лампы и в туманках тоже. Без обменов, только продажа!"
47,"ВАЗ (LADA) 2114 Samara 1.5 MT, 2005, битый, 240 000 км",https://www.avito.ruhttps://www.avito.ru/verhniy_ufaley/avtomobili/vaz_lada_2114_samara_1.5_mt_2005_bityy_240_000_km_3195695569,"Продам на разбор. Без Торга. Четвертый год стоит. Заводится, все вроде бы работает. Стоит хорошая музыка головное алпайн 9882 впереди подиумы с колонками прайд 16"" и пищалки гранд зеро. Перед стоянкой поставил новый дмрв, новые тормозные барабаны, капот новый грунтованный от автоваза (сейчас в потрескавшейся пленке карбон), двигатель капиталка на190т. Км. Состояние на фото много рыжиков."
48,"ВАЗ (LADA) Vesta Cross, 2021",https://www.avito.ruhttps://www.avito.ru/ekaterinburg/avtomobili/vaz_lada_vesta_cross_2021_3282545566,"- Отличное состояние. - Реальный пробег. - Без Дтп. - 1 владелец. - Отличная комплектация. Автовек — официальный дилер Lada представляет проверенные автомобили с пробегом. - Выгода при обмене до 10% от стоимости автомобиля. - Выкуп автомобилей, в том числе кредитных. - Все автомобили находятся в светлом шоу-руме. - Возможность протестировать любой автомобиль! - По запросу, высылаем дополнительную фото и видео презентацию. - Каждый автомобиль проходит техническую диагностику по 77 пунктам. - Кредит без первого взноса, срок до 7 лет с выгодой по программе Lada Finance. - Рассрочка, автокредит от 0%. - Мы гарантируем квалифицированную проверку юридической чистоты. - Большой выбор автомобилей различных марок! Ждем Вас по адресу г. Екатеринбург ул. Металлургов 69. Работаем с 9:00 и до последнего клиента, каждый день без выходных. Птс оригинал. Место осмотра. Осмотреть автомобиль можно по адресу: Екатеринбург, улица Металлургов 69. Комплектация «Luxe»: Активная безопасность: — Антиблокировочная система. — Антипробуксовочная система. — Система курсовой устойчивости. — Система помощи при экстренном торможении. — Эра-Глонасс. Пассивная безопасность: — Подушки безопасности водителя. — Подушки безопасности пассажира. — Система крепления детских автокресел. Противоугонная система: — Иммобилайзер. — Центральный замок. Помощь при вождении: — Бортовой компьютер. — Круиз-контроль. — Парктроник задний. — Система помощи при старте в гору. Комфорт: — Усилитель руля. — Регулировка руля. — Регулировка сиденья водителя в двух плоскостях. — Электростеклоподъемники передние и задние. — Электропривод зеркал. — Охлаждаемый перчаточный ящик. Управление климатом и обогрев: — Климат-контроль 1-зонный. — Подогрев сидений водителя и пассажира. — Подогрев руля. — Обогрев зеркал. — Обогрев лобового стекла. Мультимедиа и навигация: — CD. — Usb. — MP3. — Радио. — Bluetooth. — Aux. — Аудиоподготовка. — Мультифункциональное рулевое колесо. — Розетка 12V. Салон и интерьер: — Комбинированная обивка салона. — Кожаный руль. — Складывающееся заднее сидение. — Передний центральный подлокотник. Экстерьер: — Литые легкосплавные диски. — Размер дисков 17″. — Тонированные стекла. Освещение: — Галогенные фары. — Противотуманные фары. — Огни дневного хода. Комплектность: — 2 комплекта ключей. — Комплект резиновых ковриков. — Докатка."
49,"ВАЗ (LADA) 2111 1.5 MT, 2000, 172 000 км",https://www.avito.ruhttps://www.avito.ru/kamensk-uralskiy/avtomobili/vaz_lada_2111_1.5_mt_2000_172_000_km_3248227293,Продам рабочую лошадку. На ходу езжу каждый день. По кузову так себе. На езду не влияет. Корбюраторная. Новый акб. Бензонасос. Торг.
50,"ВАЗ (LADA) Granta, 2015",https://www.avito.ruhttps://www.avito.ru/gornouralskiy/avtomobili/vaz_lada_granta_2015_3012471501,"Продам гранту, не битая, не крашенная, все стекла родные. Очень красивый цвет. По факту 2 хоз."
51,"ВАЗ (LADA) Granta 1.6 MT, 2014, 161 000 км",https://www.avito.ruhttps://www.avito.ru/chelyabinsk/avtomobili/vaz_lada_granta_1.6_mt_2014_161_000_km_3126018350,"Продам машину в хорошем для своих лет состоянии. Машина огонь, не разу не подвела за весь срок пользования, в лютые морозы во дворе всех прикуривал. Продаю свою машину за которой следили. Эволюция кофры по всему салону. Колеса лето slik r14, зима на штампах r14. Из музыки стоят шеснари и саб играет хорошо, если не торгуемся оставлю. Об остальном подробности по телефону. Перекупам прошу не беспокоить. Торг при осмотре, по телефону даже общаться не буду!"
52,"ВАЗ (LADA) Priora 1.6 MT, 2008, 180 000 км",https://www.avito.ruhttps://www.avito.ru/chelyabinsk/avtomobili/vaz_lada_priora_1.6_mt_2008_180_000_km_3244384206,"Продам приору в хорошем состоянии, птс оригинал 1 собственник, в дтп не участвовала 100%, есть жизненные косяки в виде царапин, не больших вмятин, года свое берут, год назад установил гбо, обмен только на деньги."
